Name,Age,Gender,Admission Test Score,High School Percentage,City,Admission Status
Shehroz,24,Male,50,69,Quetta,Accepted
Waqar,21,Male,99,61,Karachi,Accepted
Bushra,17,Female,89,61,Islamabad,Accepted
Aliya,17,Female,55,85,Karachi,Accepted
Bilal,20,Male,65,61,Lahore,Accepted
Murtaza,23,Male,90,93,Islamabad,Accepted
Asad,18,Male,76,97,Multan,Accepted
Rabia,20,Female,82,56,Lahore,Accepted
Rohail,17,Male,64,76,Karachi,Accepted
Kamran,18,Male,53,99,Multan,Accepted
Shafiq,17,Male,78,74,Quetta,Rejected
Nashit,18,Male,89,73,Lahore,Accepted
Rohail,19,Male,66,88,Quetta,Accepted
Ahmed,21,Male,62,79,Karachi,Accepted
Fareeha,22,Female,86,51,Islamabad,Rejected
Saim,19,Male,84,97,Peshawar,Accepted
Mahnoor,20,Female,61,74,Islamabad,Accepted
Uzma,17,Female,96,93,Karachi,Accepted
Maryam,19,Female,74,70,Lahore,Accepted
Waqar,22,Male,77,94,Peshawar,Accepted
Fatima,20,Female,79,73,Quetta,Accepted
Kamran,18,Male,53,99,Multan,Accepted
Aliya,20,Female,76,55,Karachi,Accepted
Shoaib,21,Male,82,97,Karachi,Accepted
Shayan,18,Male,14,74,Lahore,Rejected
Imran,20,Male,76,69,Peshawar,Accepted
Anum,20,Female,96,62,Quetta,Accepted
Bushra,17,Female,89,79,Islamabad,Accepted
Laiba,22,Female,57,71,Rawalpindi,Accepted
Ali,17,Male,74,56,Rawalpindi,Accepted
Rehan,19,Male,76,62,Quetta,Rejected
Zara,24,Female,65,91,Multan,Accepted
Fatima,24,Female,66,75,Peshawar,Accepted
Shayan,24,Male,58,85,Multan,Accepted
Feroze,23,Male,51,92,Multan,Accepted
Ayesha,24,Female,94,98,Multan,Accepted
Lubna,21,Female,89,83,Multan,Accepted
Ali,17,Male,74,56,Rawalpindi,Accepted
Aliya,23,Female,50,85,Rawalpindi,Accepted
Rohail,23,Male,78,75,Quetta,Accepted
Feroze,22,Male,50,88,Quetta,Accepted
Wajeeha,21,Female,63,75,Islamabad,Accepted
Waqar,21,Male,99,61,Karachi,Accepted
Maham,19,Female,52,79,Multan,Accepted
Qasim,17,Male,95,69,Quetta,Accepted
Mehwish,24,Female,84,94,Multan,Accepted
Maryam,19,Female,74,74,Lahore,Accepted
Rohail,23,Male,97,75,Quetta,Accepted
Zara,18,Female,68,66,Karachi,Accepted
Shehroz,20,Male,61,69,Quetta,Accepted
Fatima,20,Female,73,62,Karachi,Accepted
Ahmed,21,Male,62,79,Karachi,Accepted
Afshan,23,Female,98,77,Islamabad,Accepted
Shehroz,22,Male,72,98,Lahore,Accepted
Sara,19,Female,68,93,Multan,Accepted
Zara,18,Female,52,91,Multan,Accepted
Hafsa,23,Female,79,52,Multan,Accepted
Adeel,20,Male,70,93,Lahore,Accepted
Bilal,23,Male,97,71,Peshawar,Accepted
Rohail,19,Male,54,53,Quetta,Accepted
Hamza,22,Male,99,87,Multan,Accepted
Fahad,23,Male,93,90,Peshawar,Accepted
Farhan,20,Male,75,80,Rawalpindi,Accepted
Shoaib,23,Male,97,55,Karachi,Accepted
Mehwish,17,Female,71,54,Islamabad,Accepted
Hassan,24,Male,79,76,Multan,Accepted
Maryam,22,Female,1,70,Karachi,Rejected
Tuba,17,Female,75,78,Peshawar,Accepted
Hafsa,17,Female,73,64,Rawalpindi,Accepted
Laiba,20,Female,77,53,Islamabad,Accepted
Hassan,21,Male,95,84,Islamabad,Accepted
Shafiq,18,Male,80,81,Quetta,Accepted
Kamran,21,Male,73,97,Peshawar,Accepted
Sajjad,20,Male,90,63,Quetta,Accepted
Tuba,18,Female,89,71,Karachi,Accepted
Kashif,20,Male,91,91,Karachi,Accepted
Muneera,19,Female,81,68,Karachi,Accepted
Mehwish,18,Female,72,68,Quetta,Accepted
Lubna,20,Female,89,83,Multan,Accepted
Muzammil,24,Male,97,63,Lahore,Accepted
Muzammil,20,Male,96,52,Peshawar,Accepted
Maryam,20,Female,99,95,Islamabad,Accepted
Maham,22,Female,88,98,Peshawar,Accepted
Uzma,22,Female,69,84,Quetta,Accepted
Laiba,20,Female,81,82,Rawalpindi,Accepted
Aliya,17,Female,55,85,Karachi,Accepted
Tariq,20,Male,66,79,Rawalpindi,Accepted
Maryam,17,Female,78,77,Quetta,Accepted
Umar,22,Male,76,78,Islamabad,Accepted
Maham,20,Female,86,89,Karachi,Accepted
Rehan,22,Male,51,67,Lahore,Accepted
Farzana,22,Female,82,78,Multan,Accepted
Nida,18,Female,84,92,Quetta,Accepted
Muneera,19,Female,30,68,Karachi,Rejected
Rohail,20,Male,72,67,Multan,Accepted
Shehroz,23,Male,82,84,Karachi,Accepted
Imran,19,Male,72,65,Multan,Accepted
Farhan,22,Male,65,77,Multan,Accepted
Shehroz,24,Male,72,90,Karachi,Accepted
Asma,22,Female,81,69,Islamabad,Accepted
Tariq,19,Male,96,41,Rawalpindi,Rejected
Sara,22,Female,95,60,Islamabad,Accepted
Junaid,17,Male,56,93,Karachi,Accepted
Mehwish,21,Female,91,57,Rawalpindi,Accepted
Zunaira,20,Female,98,55,Quetta,Accepted
Hania,24,Female,83,98,Quetta,Accepted
Mehwish,18,Female,72,68,Quetta,Accepted
Hamza,22,Male,99,87,Multan,Accepted
Adeel,24,Male,71,75,Lahore,Accepted
Tariq,17,Male,82,67,Peshawar,Accepted
Zunaira,20,Female,84,59,Quetta,Accepted
Qasim,17,Male,92,52,Lahore,Accepted
Maham,23,Female,94,87,Karachi,Accepted
Aqsa,23,Female,76,86,Quetta,Accepted
Daniyal,24,Male,77,67,Quetta,Accepted
Lubna,22,Female,74,91,Rawalpindi,Accepted
Junaid,23,Male,94,62,Peshawar,Accepted
Ayesha,24,Female,94,98,Multan,Accepted
Muneera,23,Female,77,58,Karachi,Accepted
Tuba,17,Female,75,78,Peshawar,Accepted
Bushra,18,Female,93,100,Islamabad,Accepted
Hania,20,Female,83,72,Islamabad,Accepted
Hania,18,Female,76,62,Karachi,Accepted
Feroze,17,Male,91,71,Karachi,Accepted
Hassan,24,Male,79,76,Karachi,Accepted
Zunaira,19,Female,75,63,Peshawar,Accepted
Aliya,19,Female,79,92,Islamabad,Accepted
Shafiq,17,Male,78,82,Quetta,Accepted
Maaz,20,Male,58,97,Peshawar,Accepted
Ali,20,Male,71,81,Lahore,Accepted
Shahzad,24,Male,74,74,Multan,Accepted
Hafsa,20,Female,55,97,Quetta,Accepted
Asad,20,Male,82,67,Lahore,Accepted
Asad,21,Male,19,97,Karachi,Rejected
Qasim,23,Male,83,67,Quetta,Accepted
Shehroz,19,Male,42,56,Rawalpindi,Rejected
Feroze,23,Male,51,92,Rawalpindi,Accepted
Sana,22,Female,91,84,Quetta,Accepted
Zarina,19,Female,81,72,Quetta,Accepted
Nimra,23,Female,93,99,Karachi,Accepted
Nimra,17,Female,68,62,Karachi,Accepted
Hammad,24,Male,71,84,Lahore,Accepted
Fatima,24,Female,50,87,Peshawar,Accepted
Aliya,21,Female,86,95,Quetta,Accepted
Nashit,20,Male,89,85,Lahore,Accepted
Asad,20,Male,95,52,Rawalpindi,Accepted
Ali,19,Male,85,78,Quetta,Accepted
Bilal,17,Male,81,84,Islamabad,Accepted
Fatima,21,Female,98,51,Multan,Accepted
Shoaib,20,Male,91,80,Quetta,Accepted
Maaz,17,Male,88,87,Lahore,Accepted
